-- MySQL dump 10.13  Distrib 5.1.69, for debian-linux-gnu (x86_64)
--
-- Host: localhost    Database: rivl
-- ------------------------------------------------------
-- Server version	5.1.69-0ubuntu0.11.10.1

/*!40101 SET @OLD_CHARACTER_SET_CLIENT=@@CHARACTER_SET_CLIENT */;
/*!40101 SET @OLD_CHARACTER_SET_RESULTS=@@CHARACTER_SET_RESULTS */;
/*!40101 SET @OLD_COLLATION_CONNECTION=@@COLLATION_CONNECTION */;
/*!40101 SET NAMES utf8 */;
/*!40103 SET @OLD_TIME_ZONE=@@TIME_ZONE */;
/*!40103 SET TIME_ZONE='+00:00' */;
/*!40014 SET @OLD_UNIQUE_CHECKS=@@UNIQUE_CHECKS, UNIQUE_CHECKS=0 */;
/*!40014 SET @OLD_FOREIGN_KEY_CHECKS=@@FOREIGN_KEY_CHECKS, FOREIGN_KEY_CHECKS=0 */;
/*!40101 SET @OLD_SQL_MODE=@@SQL_MODE, SQL_MODE='NO_AUTO_VALUE_ON_ZERO' */;
/*!40111 SET @OLD_SQL_NOTES=@@SQL_NOTES, SQL_NOTES=0 */;

--
-- Table structure for table `competition`
--

DROP TABLE IF EXISTS `competition`;
/*!40101 SET @saved_cs_client     = @@character_set_client */;
/*!40101 SET character_set_client = utf8 */;
CREATE TABLE `competition` (
  `id` bigint(20) NOT NULL AUTO_INCREMENT,
  `name` varchar(40) NOT NULL,
  PRIMARY KEY (`id`)
) ENGINE=InnoDB AUTO_INCREMENT=3 DEFAULT CHARSET=latin1;
/*!40101 SET character_set_client = @saved_cs_client */;

--
-- Dumping data for table `competition`
--

LOCK TABLES `competition` WRITE;
/*!40000 ALTER TABLE `competition` DISABLE KEYS */;
INSERT INTO `competition` VALUES (1,'Fooseball'),(2,'Table Tennis');
/*!40000 ALTER TABLE `competition` ENABLE KEYS */;
UNLOCK TABLES;

--
-- Table structure for table `competitor`
--

DROP TABLE IF EXISTS `competitor`;
/*!40101 SET @saved_cs_client     = @@character_set_client */;
/*!40101 SET character_set_client = utf8 */;
CREATE TABLE `competitor` (
  `id` bigint(20) NOT NULL AUTO_INCREMENT,
  `name` varchar(40) NOT NULL,
  PRIMARY KEY (`id`)
) ENGINE=InnoDB AUTO_INCREMENT=21 DEFAULT CHARSET=latin1;
/*!40101 SET character_set_client = @saved_cs_client */;

--
-- Dumping data for table `competitor`
--

LOCK TABLES `competitor` WRITE;
/*!40000 ALTER TABLE `competitor` DISABLE KEYS */;
INSERT INTO `competitor` VALUES (1,'Dmitri'),(2,'Neil'),(3,'Nick'),(4,'Jonathan'),(5,'Liam'),(6,'Gerard'),(7,'Vlad'),(8,'Todd'),(9,'Patrick'),(10,'Darrin'),(11,'Elisabeth'),(12,'Ben'),(13,'Dean'),(14,'Rob'),(15,'Dan'),(16,'Andrew'),(17,'Paul'),(18,'Simon'),(19,'Kristo'),(20,'Darryl');
/*!40000 ALTER TABLE `competitor` ENABLE KEYS */;
UNLOCK TABLES;

--
-- Table structure for table `competitor_elo`
--

DROP TABLE IF EXISTS `competitor_elo`;
/*!40101 SET @saved_cs_client     = @@character_set_client */;
/*!40101 SET character_set_client = utf8 */;
CREATE TABLE `competitor_elo` (
  `id` bigint(20) NOT NULL AUTO_INCREMENT,
  `competitor_id` bigint(20) NOT NULL,
  `competition_id` bigint(20) NOT NULL,
  `elo` decimal(64,4) NOT NULL,
  PRIMARY KEY (`id`)
) ENGINE=InnoDB AUTO_INCREMENT=68 DEFAULT CHARSET=latin1;
/*!40101 SET character_set_client = @saved_cs_client */;

--
-- Dumping data for table `competitor_elo`
--

LOCK TABLES `competitor_elo` WRITE;
/*!40000 ALTER TABLE `competitor_elo` DISABLE KEYS */;
INSERT INTO `competitor_elo` VALUES (1,1,1,'1500.0000'),(2,1,2,'1517.0588'),(3,2,1,'1500.0000'),(4,2,2,'1689.8674'),(5,3,1,'1500.0000'),(6,3,2,'1416.0952'),(7,4,1,'1500.0000'),(8,4,2,'1587.2616'),(9,5,1,'1500.0000'),(10,5,2,'1548.2141'),(11,6,1,'1500.0000'),(12,6,2,'1534.7374'),(13,7,1,'1500.0000'),(14,7,2,'1500.0000'),(15,8,1,'1500.0000'),(16,8,2,'1483.9930'),(17,9,1,'1500.0000'),(18,9,2,'1499.5214'),(19,10,1,'1500.0000'),(20,10,2,'1500.2831'),(21,11,1,'1500.0000'),(22,11,2,'1491.0409'),(23,12,1,'1500.0000'),(24,12,2,'1481.5817'),(25,13,1,'1500.0000'),(26,13,2,'1515.8305'),(27,14,1,'1500.0000'),(28,14,2,'1445.5190'),(29,15,1,'1500.0000'),(30,15,2,'1401.4234'),(31,16,1,'1500.0000'),(32,16,2,'1450.3355'),(33,17,1,'1500.0000'),(34,17,2,'1440.7606'),(35,18,1,'1500.0000'),(36,18,2,'1500.0000'),(64,19,1,'1500.0000'),(65,19,2,'1497.4501'),(66,20,1,'1500.0000'),(67,20,2,'1491.0263');
/*!40000 ALTER TABLE `competitor_elo` ENABLE KEYS */;
UNLOCK TABLES;

--
-- Table structure for table `detail`
--

DROP TABLE IF EXISTS `detail`;
/*!40101 SET @saved_cs_client     = @@character_set_client */;
/*!40101 SET character_set_client = utf8 */;
CREATE TABLE `detail` (
  `id` bigint(20) NOT NULL AUTO_INCREMENT,
  `competition_id` bigint(20) NOT NULL,
  `detail_set_id` bigint(20) NOT NULL,
  `name` varchar(40) NOT NULL,
  PRIMARY KEY (`id`)
) ENGINE=InnoDB AUTO_INCREMENT=3 DEFAULT CHARSET=latin1;
/*!40101 SET character_set_client = @saved_cs_client */;

--
-- Dumping data for table `detail`
--

LOCK TABLES `detail` WRITE;
/*!40000 ALTER TABLE `detail` DISABLE KEYS */;
INSERT INTO `detail` VALUES (1,1,1,'yellow'),(2,1,1,'blue');
/*!40000 ALTER TABLE `detail` ENABLE KEYS */;
UNLOCK TABLES;

--
-- Table structure for table `game`
--

DROP TABLE IF EXISTS `game`;
/*!40101 SET @saved_cs_client     = @@character_set_client */;
/*!40101 SET character_set_client = utf8 */;
CREATE TABLE `game` (
  `id` bigint(20) NOT NULL AUTO_INCREMENT,
  `date` timestamp NOT NULL DEFAULT CURRENT_TIMESTAMP,
  `competition_id` bigint(20) NOT NULL,
  PRIMARY KEY (`id`)
) ENGINE=InnoDB AUTO_INCREMENT=193 DEFAULT CHARSET=latin1;
/*!40101 SET character_set_client = @saved_cs_client */;

--
-- Dumping data for table `game`
--

LOCK TABLES `game` WRITE;
/*!40000 ALTER TABLE `game` DISABLE KEYS */;
INSERT INTO `game` VALUES (1,'2013-09-30 22:17:44',2),(2,'2013-09-30 22:17:57',2),(3,'2013-09-30 22:41:03',2),(4,'2013-09-30 22:41:18',2),(5,'2013-09-30 22:41:29',2),(6,'2013-09-30 22:54:49',2),(7,'2013-09-30 22:54:58',2),(8,'2013-09-30 23:18:12',2),(9,'2013-09-30 23:18:23',2),(10,'2013-09-30 23:18:32',2),(11,'2013-09-30 23:18:53',2),(12,'2013-09-30 23:38:02',2),(13,'2013-09-30 23:38:13',2),(14,'2013-09-30 23:38:26',2),(15,'2013-09-30 23:38:33',2),(16,'2013-09-30 23:58:07',2),(17,'2013-09-30 23:58:17',2),(18,'2013-10-01 00:08:11',2),(19,'2013-10-01 00:08:18',2),(20,'2013-10-01 00:26:38',2),(21,'2013-10-01 00:42:01',2),(22,'2013-10-01 00:42:14',2),(23,'2013-10-01 00:42:36',2),(24,'2013-10-01 00:42:53',2),(25,'2013-10-01 01:45:05',2),(26,'2013-10-01 01:45:12',2),(27,'2013-10-01 01:45:19',2),(28,'2013-10-01 01:46:58',2),(29,'2013-10-01 02:02:41',2),(30,'2013-10-01 02:13:42',2),(31,'2013-10-01 02:13:48',2),(32,'2013-10-01 02:13:56',2),(33,'2013-10-01 04:09:59',2),(34,'2013-10-01 04:10:08',2),(35,'2013-10-01 04:10:16',2),(36,'2013-10-01 04:18:18',2),(37,'2013-10-01 04:30:36',2),(38,'2013-10-01 04:30:45',2),(40,'2013-10-01 04:37:24',2),(41,'2013-10-01 04:52:08',2),(42,'2013-10-01 04:52:35',2),(43,'2013-10-01 04:52:52',2),(44,'2013-10-01 04:53:30',2),(45,'2013-10-01 04:54:06',2),(46,'2013-10-01 04:54:16',2),(47,'2013-10-01 04:54:46',2),(48,'2013-10-01 04:59:02',2),(49,'2013-10-01 05:01:04',2),(50,'2013-10-01 05:13:00',2),(51,'2013-10-01 05:13:12',2),(52,'2013-10-01 05:13:29',2),(53,'2013-10-01 05:38:35',2),(54,'2013-10-01 05:38:42',2),(55,'2013-10-01 05:38:49',2),(56,'2013-10-01 05:53:35',2),(57,'2013-10-01 05:53:42',2),(58,'2013-10-01 05:53:50',2),(59,'2013-10-01 06:06:04',2),(60,'2013-10-01 06:37:39',2),(61,'2013-10-02 00:31:44',2),(62,'2013-10-02 00:31:53',2),(63,'2013-10-02 00:32:04',2),(64,'2013-10-02 00:32:21',2),(65,'2013-10-02 00:32:27',2),(66,'2013-10-02 00:40:23',2),(67,'2013-10-02 00:40:35',2),(68,'2013-10-02 00:40:55',2),(69,'2013-10-02 00:54:27',2),(70,'2013-10-02 00:54:39',2),(71,'2013-10-02 00:54:48',2),(72,'2013-10-02 00:58:27',2),(73,'2013-10-02 02:07:51',2),(74,'2013-10-02 02:07:58',2),(75,'2013-10-02 02:08:07',2),(76,'2013-10-02 02:08:14',2),(77,'2013-10-02 03:17:13',2),(78,'2013-10-02 03:21:05',2),(79,'2013-10-02 03:26:22',2),(80,'2013-10-02 03:30:42',2),(81,'2013-10-02 03:39:31',2),(82,'2013-10-02 03:39:47',2),(83,'2013-10-02 04:40:17',2),(84,'2013-10-02 04:40:27',2),(85,'2013-10-02 04:40:41',2),(86,'2013-10-02 04:41:06',2),(87,'2013-10-02 04:41:16',2),(88,'2013-10-02 04:49:18',2),(89,'2013-10-02 04:50:11',2),(90,'2013-10-02 04:54:28',2),(91,'2013-10-02 05:09:25',2),(92,'2013-10-02 05:09:38',2),(93,'2013-10-02 05:09:45',2),(94,'2013-10-02 05:10:15',2),(95,'2013-10-02 05:10:29',2),(96,'2013-10-02 05:51:25',2),(97,'2013-10-02 05:51:36',2),(98,'2013-10-02 06:14:22',2),(99,'2013-10-02 06:14:47',2),(100,'2013-10-02 06:15:05',2),(101,'2013-10-02 07:03:23',2),(102,'2013-10-02 07:03:32',2),(103,'2013-10-02 23:02:59',2),(104,'2013-10-02 23:03:12',2),(105,'2013-10-02 23:15:56',2),(106,'2013-10-02 23:16:24',2),(107,'2013-10-02 23:16:36',2),(108,'2013-10-02 23:34:51',2),(109,'2013-10-02 23:34:59',2),(110,'2013-10-02 23:35:15',2),(111,'2013-10-03 00:14:04',2),(112,'2013-10-03 00:14:12',2),(113,'2013-10-03 00:14:23',2),(114,'2013-10-03 00:36:55',2),(115,'2013-10-03 00:37:02',2),(116,'2013-10-03 00:38:21',2),(117,'2013-10-03 00:38:29',2),(118,'2013-10-03 00:42:16',2),(119,'2013-10-03 00:56:51',2),(120,'2013-10-03 00:57:00',2),(121,'2013-10-03 00:57:09',2),(122,'2013-10-03 01:51:12',2),(123,'2013-10-03 02:01:42',2),(124,'2013-10-03 02:01:49',2),(125,'2013-10-03 02:19:04',2),(126,'2013-10-03 03:23:21',2),(127,'2013-10-03 04:25:41',2),(128,'2013-10-03 04:25:51',2),(129,'2013-10-03 04:26:09',2),(130,'2013-10-03 04:26:18',2),(131,'2013-10-03 04:26:38',2),(132,'2013-10-03 04:26:43',2),(133,'2013-10-03 04:26:48',2),(134,'2013-10-03 04:45:30',2),(135,'2013-10-03 04:45:40',2),(136,'2013-10-03 04:45:46',2),(137,'2013-10-03 04:45:56',2),(138,'2013-10-03 04:46:05',2),(139,'2013-10-03 04:48:08',2),(140,'2013-10-03 04:57:27',2),(141,'2013-10-03 04:57:33',2),(142,'2013-10-03 04:57:39',2),(143,'2013-10-03 05:00:12',2),(144,'2013-10-03 05:03:58',2),(145,'2013-10-03 05:21:03',2),(146,'2013-10-03 05:21:11',2),(147,'2013-10-03 05:21:18',2),(148,'2013-10-03 05:21:28',2),(149,'2013-10-03 05:25:14',2),(150,'2013-10-03 05:25:28',2),(151,'2013-10-03 05:51:56',2),(152,'2013-10-03 05:52:03',2),(153,'2013-10-03 05:52:11',2),(154,'2013-10-03 06:06:27',2),(155,'2013-10-03 06:06:34',2),(156,'2013-10-03 06:06:40',2),(157,'2013-10-03 06:46:04',2),(158,'2013-10-03 06:46:13',2),(159,'2013-10-03 06:48:14',2),(160,'2013-10-03 06:52:46',2),(161,'2013-10-03 07:00:28',2),(162,'2013-10-03 07:20:59',2),(163,'2013-10-03 07:21:08',2),(164,'2013-10-03 07:21:21',2),(165,'2013-10-03 07:21:47',2),(166,'2013-10-03 23:07:33',2),(167,'2013-10-03 23:17:38',2),(168,'2013-10-03 23:17:48',2),(169,'2013-10-03 23:17:56',2),(170,'2013-10-03 23:23:31',2),(171,'2013-10-03 23:23:40',2),(172,'2013-10-03 23:35:03',2),(173,'2013-10-03 23:35:13',2),(174,'2013-10-03 23:42:29',2),(175,'2013-10-03 23:42:39',2),(176,'2013-10-04 00:24:34',2),(177,'2013-10-04 00:24:41',2),(178,'2013-10-04 00:31:42',2),(179,'2013-10-04 00:31:50',2),(180,'2013-10-04 01:11:16',2),(181,'2013-10-04 01:11:30',2),(182,'2013-10-04 01:11:30',2),(183,'2013-10-04 01:11:37',2),(184,'2013-10-04 01:11:48',2),(185,'2013-10-04 01:11:50',2),(186,'2013-10-04 01:12:02',2),(187,'2013-10-04 01:12:08',2),(188,'2013-10-04 01:12:13',2),(189,'2013-10-04 01:25:46',2),(190,'2013-10-04 01:25:53',2),(191,'2013-10-04 01:26:00',2),(192,'2013-10-04 01:29:26',2);
/*!40000 ALTER TABLE `game` ENABLE KEYS */;
UNLOCK TABLES;

--
-- Table structure for table `game_details`
--

DROP TABLE IF EXISTS `game_details`;
/*!40101 SET @saved_cs_client     = @@character_set_client */;
/*!40101 SET character_set_client = utf8 */;
CREATE TABLE `game_details` (
  `id` bigint(20) NOT NULL AUTO_INCREMENT,
  `game_id` bigint(20) NOT NULL,
  `competitor_id` bigint(20) NOT NULL,
  `detail_id` bigint(20) NOT NULL,
  PRIMARY KEY (`id`)
) ENGINE=InnoDB DEFAULT CHARSET=latin1;
/*!40101 SET character_set_client = @saved_cs_client */;

--
-- Dumping data for table `game_details`
--

LOCK TABLES `game_details` WRITE;
/*!40000 ALTER TABLE `game_details` DISABLE KEYS */;
/*!40000 ALTER TABLE `game_details` ENABLE KEYS */;
UNLOCK TABLES;

--
-- Table structure for table `score`
--

DROP TABLE IF EXISTS `score`;
/*!40101 SET @saved_cs_client     = @@character_set_client */;
/*!40101 SET character_set_client = utf8 */;
CREATE TABLE `score` (
  `id` bigint(20) NOT NULL AUTO_INCREMENT,
  `game_id` bigint(20) NOT NULL,
  `competitor_id` bigint(20) NOT NULL,
  `rank` int(11) NOT NULL,
  `score` int(11) NOT NULL,
  `elo_before` decimal(64,4) NOT NULL,
  `elo_after` decimal(64,4) NOT NULL,
  PRIMARY KEY (`id`)
) ENGINE=InnoDB AUTO_INCREMENT=385 DEFAULT CHARSET=latin1;
/*!40101 SET character_set_client = @saved_cs_client */;

--
-- Dumping data for table `score`
--

LOCK TABLES `score` WRITE;
/*!40000 ALTER TABLE `score` DISABLE KEYS */;
INSERT INTO `score` VALUES (1,1,17,1,11,'1500.0000','1508.0000'),(2,1,3,2,5,'1500.0000','1492.0000'),(3,2,17,1,11,'1508.0000','1515.6318'),(4,2,3,2,7,'1492.0000','1484.3682'),(5,3,2,1,11,'1500.0000','1508.0000'),(6,3,5,2,6,'1500.0000','1492.0000'),(7,4,5,1,11,'1492.0000','1500.3682'),(8,4,2,2,2,'1508.0000','1499.6318'),(9,5,5,1,11,'1500.3682','1508.3512'),(10,5,2,2,9,'1499.6318','1491.6488'),(11,6,19,1,11,'1500.0000','1507.6403'),(12,6,3,2,5,'1484.3682','1476.7279'),(13,7,19,1,11,'1507.6403','1514.9304'),(14,7,3,2,5,'1476.7279','1469.4378'),(15,8,2,1,11,'1491.6488','1499.8411'),(16,8,1,2,6,'1500.0000','1491.8077'),(17,9,2,1,11,'1499.8411','1507.8448'),(18,9,6,2,4,'1500.0000','1491.9963'),(19,10,2,1,11,'1507.8448','1515.4801'),(20,10,6,2,5,'1491.9963','1484.3610'),(21,11,2,1,11,'1515.4801','1522.9359'),(22,11,1,2,5,'1491.8077','1484.3519'),(23,12,6,1,11,'1484.3610','1492.3608'),(24,12,1,2,9,'1484.3519','1476.3521'),(25,13,6,1,11,'1492.3608','1500.8958'),(26,13,17,2,5,'1515.6318','1507.0968'),(27,14,6,1,11,'1500.8958','1509.0386'),(28,14,17,2,9,'1507.0968','1498.9540'),(29,15,1,1,11,'1476.3521','1485.1025'),(30,15,6,2,10,'1509.0386','1500.2882'),(31,16,10,1,11,'1500.0000','1507.9759'),(32,16,17,2,8,'1498.9540','1490.9781'),(33,17,10,1,11,'1507.9759','1515.5848'),(34,17,17,2,3,'1490.9781','1483.3692'),(35,18,2,1,11,'1522.9359','1530.7667'),(36,18,10,2,6,'1515.5848','1507.7540'),(37,19,2,1,11,'1530.7667','1538.2376'),(38,19,10,2,5,'1507.7540','1500.2831'),(39,20,1,1,11,'1485.1025','1493.4453'),(40,20,4,2,8,'1500.0000','1491.6572'),(41,21,1,1,11,'1493.4453','1501.5962'),(42,21,14,2,10,'1500.0000','1491.8491'),(43,22,1,1,11,'1501.5962','1509.3718'),(44,22,14,2,8,'1491.8491','1484.0735'),(45,23,1,1,11,'1509.3718','1517.3483'),(46,23,5,2,6,'1508.3512','1500.3747'),(47,24,1,1,11,'1517.3483','1524.9578'),(48,24,5,2,8,'1500.3747','1492.7652'),(49,25,6,1,11,'1500.2882','1508.2816'),(50,25,16,2,9,'1500.0000','1492.0066'),(51,26,6,1,11,'1508.2816','1515.9071'),(52,26,16,2,10,'1492.0066','1484.3811'),(53,27,2,1,11,'1538.2376','1545.7241'),(54,27,6,2,3,'1515.9071','1508.4206'),(55,28,2,1,11,'1545.7241','1552.3261'),(56,28,16,2,0,'1484.3811','1477.7791'),(57,29,2,1,11,'1552.3261','1558.7588'),(58,29,17,2,8,'1483.3692','1476.9365'),(59,30,1,1,11,'1524.9578','1531.8591'),(60,30,17,2,2,'1476.9365','1470.0352'),(61,31,1,1,11,'1531.8591','1539.1276'),(62,31,12,2,5,'1500.0000','1492.7315'),(63,32,1,1,11,'1539.1276','1545.5573'),(64,32,17,2,7,'1470.0352','1463.6055'),(65,33,4,1,11,'1491.6572','1499.8493'),(66,33,8,2,7,'1500.0000','1491.8079'),(67,34,4,1,11,'1499.8493','1507.6642'),(68,34,8,2,6,'1491.8079','1483.9930'),(69,35,4,1,11,'1507.6642','1516.8323'),(70,35,2,2,7,'1558.7588','1549.5907'),(71,36,2,1,11,'1549.5907','1557.4978'),(72,36,1,2,6,'1545.5573','1537.6502'),(73,37,5,1,11,'1492.7652','1501.7930'),(74,37,1,2,9,'1537.6502','1528.6224'),(75,38,1,1,11,'1528.6224','1536.0059'),(76,38,5,2,8,'1501.7930','1494.4095'),(79,40,1,1,11,'1536.0059','1543.1798'),(80,40,13,2,8,'1500.0000','1492.8261'),(81,41,1,1,11,'1543.1798','1550.0641'),(82,41,5,2,8,'1494.4095','1487.5252'),(83,42,1,1,11,'1550.0641','1556.7579'),(84,42,13,2,6,'1492.8261','1486.1323'),(85,43,6,1,11,'1508.4206','1517.5265'),(86,43,1,2,7,'1556.7579','1547.6520'),(87,44,5,1,11,'1487.5252','1496.2143'),(88,44,6,2,10,'1517.5265','1508.8374'),(89,45,1,1,11,'1547.6520','1553.7536'),(90,45,17,2,0,'1463.6055','1457.5039'),(91,46,16,1,11,'1477.7791','1485.5871'),(92,46,3,2,2,'1469.4378','1461.6298'),(93,47,5,1,11,'1496.2143','1504.1341'),(94,47,12,2,8,'1492.7315','1484.8117'),(95,48,5,1,11,'1504.1341','1511.1603'),(96,48,3,2,3,'1461.6298','1454.6036'),(97,49,1,1,11,'1553.7536','1560.7777'),(98,49,5,2,10,'1511.1603','1504.1362'),(99,50,1,1,11,'1560.7777','1567.0729'),(100,50,16,2,6,'1485.5871','1479.2919'),(101,51,6,1,11,'1508.8374','1518.1659'),(102,51,1,2,9,'1567.0729','1557.7444'),(103,52,6,1,11,'1518.1659','1525.2745'),(104,52,16,2,9,'1479.2919','1472.1833'),(105,53,3,1,11,'1454.6036','1464.2088'),(106,53,6,2,9,'1525.2745','1515.6693'),(107,54,6,1,11,'1515.6693','1523.3087'),(108,54,15,2,9,'1500.0000','1492.3606'),(109,55,6,1,11,'1523.3087','1530.5980'),(110,55,15,2,8,'1492.3606','1485.0713'),(111,56,6,1,11,'1530.5980','1537.5498'),(112,56,12,2,4,'1484.8117','1477.8599'),(113,57,6,1,11,'1537.5498','1544.1888'),(114,57,12,2,5,'1477.8599','1471.2209'),(115,58,6,1,11,'1544.1888','1550.5329'),(116,58,12,2,7,'1471.2209','1464.8768'),(117,59,4,1,11,'1516.8323','1525.6059'),(118,59,6,2,8,'1550.5329','1541.7593'),(119,60,4,1,11,'1525.6059','1533.9776'),(120,60,6,2,9,'1541.7593','1533.3876'),(121,61,2,1,11,'1557.4978','1563.3999'),(122,61,3,2,4,'1464.2088','1458.3067'),(123,62,2,1,11,'1563.3999','1571.2697'),(124,62,1,2,6,'1557.7444','1549.8746'),(125,63,2,1,11,'1571.2697','1576.7566'),(126,63,3,2,5,'1458.3067','1452.8198'),(127,64,2,1,11,'1576.7566','1584.1389'),(128,64,1,2,4,'1549.8746','1542.4923'),(129,65,2,1,11,'1584.1389','1590.3287'),(130,65,5,2,6,'1504.1362','1497.9464'),(131,66,1,1,11,'1542.4923','1549.4722'),(132,66,5,2,6,'1497.9464','1490.9665'),(133,67,5,1,11,'1490.9665','1500.3011'),(134,67,1,2,6,'1549.4722','1540.1376'),(135,68,5,1,11,'1500.3011','1509.2144'),(136,68,1,2,8,'1540.1376','1531.2243'),(137,69,5,1,11,'1509.2144','1516.6365'),(138,69,14,2,10,'1484.0735','1476.6514'),(139,70,5,1,11,'1516.6365','1523.7199'),(140,70,14,2,3,'1476.6514','1469.5680'),(141,71,14,1,11,'1469.5680','1478.8049'),(142,71,5,2,10,'1523.7199','1514.4830'),(143,72,5,1,11,'1514.4830','1521.8316'),(144,72,13,2,3,'1486.1323','1478.7837'),(145,73,2,1,11,'1590.3287','1595.5594'),(146,73,12,2,6,'1464.8768','1459.6461'),(147,74,2,1,11,'1595.5594','1600.5803'),(148,74,12,2,0,'1459.6461','1454.6252'),(149,75,2,1,11,'1600.5803','1605.4042'),(150,75,12,2,2,'1454.6252','1449.8013'),(151,76,2,1,11,'1605.4042','1610.0431'),(152,76,12,2,6,'1449.8013','1445.1624'),(153,77,4,1,11,'1533.9776','1541.6980'),(154,77,5,2,9,'1521.8316','1514.1112'),(155,78,5,1,11,'1514.1112','1522.7451'),(156,78,4,2,7,'1541.6980','1533.0641'),(157,79,4,1,11,'1533.0641','1540.8266'),(158,79,5,2,10,'1522.7451','1514.9826'),(159,80,4,1,11,'1540.8266','1547.4135'),(160,80,14,2,8,'1478.8049','1472.2180'),(161,81,1,1,11,'1531.2243','1541.0087'),(162,81,2,2,6,'1610.0431','1600.2587'),(163,82,2,1,11,'1600.2587','1606.9075'),(164,82,1,2,7,'1541.0087','1534.3599'),(165,83,16,1,11,'1472.1833','1480.4799'),(166,83,15,2,9,'1485.0713','1476.7747'),(167,84,15,1,11,'1476.7747','1484.8600'),(168,84,16,2,9,'1480.4799','1472.3946'),(169,85,16,1,11,'1472.3946','1480.6815'),(170,85,15,2,8,'1484.8600','1476.5731'),(171,86,6,1,11,'1533.3876','1540.1832'),(172,86,16,2,6,'1480.6815','1473.8859'),(173,87,1,1,11,'1534.3599','1542.4940'),(174,87,6,2,9,'1540.1832','1532.0491'),(175,88,1,1,11,'1542.4940','1548.3097'),(176,88,12,2,6,'1445.1624','1439.3467'),(177,89,1,1,11,'1548.3097','1554.1647'),(178,89,3,2,3,'1452.8198','1446.9648'),(179,90,1,1,11,'1554.1647','1561.2663'),(180,90,5,2,10,'1514.9826','1507.8810'),(181,91,6,1,11,'1532.0491','1540.7203'),(182,91,1,2,6,'1561.2663','1552.5951'),(183,92,6,1,11,'1540.7203','1550.2261'),(184,92,2,2,3,'1606.9075','1597.4017'),(185,93,3,1,11,'1446.9648','1457.2749'),(186,93,6,2,7,'1550.2261','1539.9160'),(187,94,2,1,11,'1597.4017','1604.0900'),(188,94,6,2,3,'1539.9160','1533.2277'),(189,95,6,1,11,'1533.2277','1539.5062'),(190,95,3,2,3,'1457.2749','1450.9964'),(191,96,6,1,11,'1539.5062','1546.0728'),(192,96,15,2,8,'1476.5731','1470.0065'),(193,97,6,1,11,'1546.0728','1552.3488'),(194,97,15,2,3,'1470.0065','1463.7305'),(195,98,4,1,11,'1547.4135','1553.0024'),(196,98,12,2,7,'1439.3467','1433.7578'),(197,99,12,1,11,'1433.7578','1444.4005'),(198,99,4,2,10,'1553.0024','1542.3597'),(199,100,4,1,11,'1542.3597','1548.1620'),(200,100,12,2,4,'1444.4005','1438.5982'),(201,101,4,1,11,'1548.1620','1554.2553'),(202,101,15,2,5,'1463.7305','1457.6372'),(203,102,4,1,11,'1554.2553','1560.0862'),(204,102,15,2,4,'1457.6372','1451.8063'),(205,103,1,1,11,'1552.5951','1558.7767'),(206,103,14,2,6,'1472.2180','1466.0364'),(207,104,1,1,11,'1558.7767','1564.6906'),(208,104,14,2,9,'1466.0364','1460.1225'),(209,105,13,1,11,'1478.7837','1488.7224'),(210,105,1,2,6,'1564.6906','1554.7519'),(211,106,2,1,11,'1604.0900','1609.5271'),(212,106,13,2,6,'1488.7224','1483.2853'),(213,107,2,1,11,'1609.5271','1614.7418'),(214,107,13,2,9,'1483.2853','1478.0706'),(215,108,5,1,11,'1507.8810','1517.0741'),(216,108,4,2,10,'1560.0862','1550.8931'),(217,109,4,1,11,'1550.8931','1558.1168'),(218,109,5,2,3,'1517.0741','1509.8504'),(219,110,5,1,11,'1509.8504','1518.9547'),(220,110,4,2,10,'1558.1168','1549.0125'),(221,111,2,1,11,'1614.7418','1621.3204'),(222,111,6,2,2,'1552.3488','1545.7702'),(223,112,2,1,11,'1621.3204','1627.6077'),(224,112,6,2,2,'1545.7702','1539.4829'),(225,113,2,1,11,'1627.6077','1633.6210'),(226,113,6,2,9,'1539.4829','1533.4696'),(227,114,2,1,11,'1633.6210','1639.8355'),(228,114,1,2,4,'1554.7519','1548.5374'),(229,115,2,1,11,'1639.8355','1645.7804'),(230,115,1,2,8,'1548.5374','1542.5925'),(231,116,2,1,11,'1645.7804','1653.7804'),(232,116,2,2,2,'1645.7804','1637.7804'),(233,117,2,1,11,'1637.7804','1641.8510'),(234,117,3,2,9,'1450.9964','1446.9258'),(235,118,2,1,11,'1641.8510','1645.7810'),(236,118,3,2,2,'1446.9258','1442.9958'),(237,119,5,1,11,'1518.9547','1525.6128'),(238,119,14,2,8,'1460.1225','1453.4644'),(239,120,5,1,11,'1525.6128','1531.9750'),(240,120,14,2,9,'1453.4644','1447.1022'),(241,121,14,1,11,'1447.1022','1457.0185'),(242,121,5,2,10,'1531.9750','1522.0587'),(243,122,12,1,11,'1438.5982','1448.4838'),(244,122,5,2,7,'1522.0587','1512.1731'),(245,123,12,1,11,'1448.4838','1458.4026'),(246,123,6,2,6,'1533.4696','1523.5508'),(247,124,12,1,11,'1458.4026','1467.8854'),(248,124,6,2,8,'1523.5508','1514.0680'),(249,125,4,1,11,'1549.0125','1555.1777'),(250,125,12,2,6,'1467.8854','1461.7202'),(251,126,5,1,11,'1512.1731','1519.2951'),(252,126,16,2,6,'1473.8859','1466.7639'),(253,127,6,1,11,'1514.0680','1520.9855'),(254,127,16,2,3,'1466.7639','1459.8464'),(255,128,6,1,11,'1520.9855','1527.5921'),(256,128,16,2,9,'1459.8464','1453.2398'),(257,129,12,1,11,'1461.7202','1469.4920'),(258,129,15,2,4,'1451.8063','1444.0345'),(259,130,12,1,11,'1469.4920','1476.9069'),(260,130,15,2,9,'1444.0345','1436.6196'),(261,131,12,1,11,'1476.9069','1483.9834'),(262,131,15,2,9,'1436.6196','1429.5431'),(263,132,12,1,11,'1483.9834','1490.7400'),(264,132,15,2,4,'1429.5431','1422.7865'),(265,133,2,1,11,'1645.7810','1650.4305'),(266,133,12,2,4,'1490.7400','1486.0905'),(267,134,2,1,11,'1650.4305','1654.9055'),(268,134,12,2,4,'1486.0905','1481.6155'),(269,135,2,1,11,'1654.9055','1659.5576'),(270,135,9,2,10,'1500.0000','1495.3479'),(271,136,2,1,11,'1659.5576','1664.1219'),(272,136,11,2,2,'1500.0000','1495.4357'),(273,137,2,1,11,'1664.1219','1668.5167'),(274,137,11,2,9,'1495.4357','1491.0409'),(275,138,2,1,11,'1668.5167','1673.9958'),(276,138,4,2,6,'1555.1777','1549.6986'),(277,139,4,1,11,'1549.6986','1555.3161'),(278,139,3,2,6,'1442.9958','1437.3783'),(279,140,6,1,11,'1527.5921','1533.5603'),(280,140,3,2,3,'1437.3783','1431.4101'),(281,141,6,1,11,'1533.5603','1539.2737'),(282,141,3,2,3,'1431.4101','1425.6967'),(283,142,13,1,11,'1478.0706','1487.4655'),(284,142,6,2,6,'1539.2737','1529.8788'),(285,143,13,1,11,'1487.4655','1494.0580'),(286,143,3,2,5,'1425.6967','1419.1042'),(287,144,16,1,11,'1453.2398','1462.9764'),(288,144,6,2,9,'1529.8788','1520.1422'),(289,145,6,1,11,'1520.1422','1525.8792'),(290,145,3,2,6,'1419.1042','1413.3672'),(291,146,6,1,11,'1525.8792','1531.3754'),(292,146,3,2,10,'1413.3672','1407.8710'),(293,147,6,1,11,'1531.3754','1536.6456'),(294,147,3,2,8,'1407.8710','1402.6008'),(295,148,6,1,11,'1536.6456','1541.7036'),(296,148,3,2,10,'1402.6008','1397.5428'),(297,149,3,1,11,'1397.5428','1407.0319'),(298,149,16,2,7,'1462.9764','1453.4873'),(299,150,3,1,11,'1407.0319','1416.0952'),(300,150,16,2,5,'1453.4873','1444.4240'),(301,151,6,1,11,'1541.7036','1547.0676'),(302,151,15,2,10,'1422.7865','1417.4225'),(303,152,6,1,11,'1547.0676','1552.2137'),(304,152,15,2,3,'1417.4225','1412.2764'),(305,153,6,1,11,'1552.2137','1557.1552'),(306,153,15,2,2,'1412.2764','1407.3349'),(307,154,15,1,11,'1407.3349','1416.1857'),(308,154,16,2,9,'1444.4240','1435.5732'),(309,155,16,1,11,'1435.5732','1443.1272'),(310,155,15,2,9,'1416.1857','1408.6317'),(311,156,16,1,11,'1443.1272','1450.3355'),(312,156,15,2,8,'1408.6317','1401.4234'),(313,157,12,1,11,'1481.6155','1491.3280'),(314,157,6,2,8,'1557.1552','1547.4427'),(315,158,6,1,11,'1547.4427','1554.1617'),(316,158,12,2,6,'1491.3280','1484.6090'),(317,159,6,1,11,'1554.1617','1560.5812'),(318,159,12,2,8,'1484.6090','1478.1895'),(319,160,12,1,11,'1478.1895','1488.0519'),(320,160,6,2,8,'1560.5812','1550.7188'),(321,161,4,1,11,'1555.3161','1561.7863'),(322,161,12,2,7,'1488.0519','1481.5817'),(323,162,4,1,11,'1561.7863','1569.5315'),(324,162,6,2,2,'1550.7188','1542.9736'),(325,163,4,1,11,'1569.5315','1576.9212'),(326,163,6,2,6,'1542.9736','1535.5839'),(327,164,6,1,11,'1535.5839','1544.5313'),(328,164,4,2,8,'1576.9212','1567.9738'),(329,165,4,1,11,'1567.9738','1575.4348'),(330,165,6,2,10,'1544.5313','1537.0703'),(331,166,4,1,11,'1575.4348','1582.1533'),(332,166,5,2,10,'1519.2951','1512.5766'),(333,167,5,1,11,'1512.5766','1519.3190'),(334,167,17,2,6,'1457.5039','1450.7615'),(335,168,5,1,11,'1519.3190','1527.8541'),(336,168,1,2,7,'1542.5925','1534.0574'),(337,169,5,1,11,'1527.8541','1534.2453'),(338,169,14,2,8,'1457.0185','1450.6273'),(339,170,5,1,11,'1534.2453','1540.3592'),(340,170,17,2,2,'1450.7615','1444.6476'),(341,171,5,1,11,'1540.3592','1548.2141'),(342,171,1,2,9,'1534.0574','1526.2025'),(343,172,6,1,11,'1537.0703','1544.5612'),(344,172,19,2,2,'1514.9304','1507.4395'),(345,173,6,1,11,'1544.5612','1551.7097'),(346,173,19,2,9,'1507.4395','1500.2910'),(347,174,19,1,11,'1500.2910','1507.0206'),(348,174,17,2,10,'1444.6476','1437.9180'),(349,175,17,1,11,'1437.9180','1447.4885'),(350,175,19,2,9,'1507.0206','1497.4501'),(351,176,2,1,11,'1673.9958','1677.4120'),(352,176,17,2,2,'1447.4885','1444.0723'),(353,177,2,1,11,'1677.4120','1680.7237'),(354,177,17,2,6,'1444.0723','1440.7606'),(355,178,2,1,11,'1680.7237','1685.3831'),(356,178,1,2,3,'1526.2025','1521.5431'),(357,179,2,1,11,'1685.3831','1689.8674'),(358,179,1,2,7,'1521.5431','1517.0588'),(359,180,13,1,11,'1494.0580','1503.3734'),(360,180,6,2,6,'1551.7097','1542.3943'),(361,181,6,1,11,'1542.3943','1549.4996'),(362,181,13,2,10,'1503.3734','1496.2681'),(363,182,9,1,11,'1495.3479','1504.5848'),(364,182,6,2,8,'1549.4996','1540.2627'),(365,183,6,1,11,'1540.2627','1547.4441'),(366,183,9,2,10,'1504.5848','1497.4034'),(367,184,6,1,11,'1547.4441','1554.2998'),(368,184,9,2,8,'1497.4034','1490.5477'),(369,185,13,1,11,'1496.2681','1505.5920'),(370,185,6,2,9,'1554.2998','1544.9759'),(371,186,13,1,11,'1505.5920','1514.4950'),(372,186,6,2,6,'1544.9759','1536.0729'),(373,187,6,1,11,'1536.0729','1543.5767'),(374,187,13,2,10,'1514.4950','1506.9912'),(375,188,13,1,11,'1506.9912','1515.8305'),(376,188,6,2,10,'1543.5767','1534.7374'),(377,189,20,1,11,'1500.0000','1507.7824'),(378,189,9,2,10,'1490.5477','1482.7653'),(379,190,9,1,11,'1482.7653','1491.3403'),(380,190,20,2,10,'1507.7824','1499.2074'),(381,191,9,1,11,'1491.3403','1499.5214'),(382,191,20,2,10,'1499.2074','1491.0263'),(383,192,4,1,11,'1582.1533','1587.2616'),(384,192,14,2,7,'1450.6273','1445.5190');
/*!40000 ALTER TABLE `score` ENABLE KEYS */;
UNLOCK TABLES;
/*!40103 SET TIME_ZONE=@OLD_TIME_ZONE */;

/*!40101 SET SQL_MODE=@OLD_SQL_MODE */;
/*!40014 SET FOREIGN_KEY_CHECKS=@OLD_FOREIGN_KEY_CHECKS */;
/*!40014 SET UNIQUE_CHECKS=@OLD_UNIQUE_CHECKS */;
/*!40101 SET CHARACTER_SET_CLIENT=@OLD_CHARACTER_SET_CLIENT */;
/*!40101 SET CHARACTER_SET_RESULTS=@OLD_CHARACTER_SET_RESULTS */;
/*!40101 SET COLLATION_CONNECTION=@OLD_COLLATION_CONNECTION */;
/*!40111 SET SQL_NOTES=@OLD_SQL_NOTES */;

-- Dump completed on 2013-10-04 14:40:28
